id,name
2,Soldier
2,Soldier
2,Soldier
2,Soldier
2,Soldier
2,Soldier
2,Soldier
2,Soldier
2,Soldier
2,Soldier
2,Soldier
2,Soldier
2,Soldier
2,Soldier
2,Soldier
2,Soldier
2,Soldier
2,Soldier
2,Soldier
2,Soldier
2,Soldier
2,Soldier
2,Soldier
2,Soldier
2,Soldier
2,Soldier
2,Soldier
2,Soldier
2,Soldier
2,Soldier
2,Soldier
2,Soldier
2,Soldier
2,Soldier
2,Soldier
2,Soldier
2,Soldier
2,Soldier
2,Soldier
2,Soldier
2,Soldier
2,Soldier
2,Soldier
2,Soldier
2,Soldier
2,Soldier
2,Soldier
2,Soldier
2,Soldier
2,Soldier
2,Soldier
2,Soldier
2,Soldier
2,Soldier
2,Soldier
2,Soldier
2,Soldier
2,Soldier
2,Soldier
2,Soldier
2,Soldier
2,Soldier
2,Soldier
2,Soldier
2,Soldier
2,Soldier
2,Soldier
2,Soldier
2,Soldier
2,Soldier
2,Soldier
2,Soldier
2,Soldier
2,Soldier
2,Soldier
2,Soldier
2,Soldier
2,Soldier
2,Soldier
2,Soldier
2,Soldier
2,Soldier
2,Soldier
2,Soldier
2,Soldier
2,Soldier
2,Soldier
2,Soldier
2,Soldier
2,Soldier
2,Soldier
2,Soldier
2,Soldier
2,Soldier
2,Soldier
2,Soldier
2,Soldier
2,Soldier
2,Soldier
2,Soldier
2,Soldier
